MAE_pchembl_value,MSE_pchembl_value,RMSE_pchembl_value,R2_pchembl_value,MAE_logp,MSE_logp,RMSE_logp,R2_logp,MAE_molecular_weight,MSE_molecular_weight,RMSE_molecular_weight,R2_molecular_weight
0.5592820048332214,0.5971976518630981,0.7727856441880233,0.0835733413696289,0.4715152978897095,0.38673830032348633,0.6218828670444992,0.7753918170928955,6.155856609344482,70.9063949584961,8.420593503934036,0.9901019334793091
