MAE_pchembl_value,MSE_pchembl_value,RMSE_pchembl_value,R2_pchembl_value,MAE_logp,MSE_logp,RMSE_logp,R2_logp,MAE_molecular_weight,MSE_molecular_weight,RMSE_molecular_weight,R2_molecular_weight
0.6312792897224426,0.690092921257019,0.8307183164328442,0.5183418989181519,0.19835615158081055,0.07826269418001175,0.2797547035887185,0.9640285968780518,8.507979393005371,129.09902954101562,11.36217538770704,0.9912460446357727
