MAE_pchembl_value,MSE_pchembl_value,RMSE_pchembl_value,R2_pchembl_value,MAE_logp,MSE_logp,RMSE_logp,R2_logp,MAE_molecular_weight,MSE_molecular_weight,RMSE_molecular_weight,R2_molecular_weight
0.6569997072219849,0.7261025309562683,0.8521165008121063,0.4932085871696472,0.3994317650794983,0.3462776243686676,0.5884535872680764,0.8408424854278564,29.58742332458496,1955.0592041015625,44.21605143046541,0.8674309849739075
