MAE_pchembl_value,MSE_pchembl_value,RMSE_pchembl_value,R2_pchembl_value,MAE_logp,MSE_logp,RMSE_logp,R2_logp,MAE_molecular_weight,MSE_molecular_weight,RMSE_molecular_weight,R2_molecular_weight
0.6343929171562195,0.7145311236381531,0.845299428391001,0.49589335918426514,0.28441548347473145,0.14180053770542145,0.3765641216385616,0.9266993999481201,8.241439819335938,118.7193374633789,10.895840374352908,0.9916672110557556
