MAE_pchembl_value,MSE_pchembl_value,RMSE_pchembl_value,R2_pchembl_value,MAE_logp,MSE_logp,RMSE_logp,R2_logp,MAE_molecular_weight,MSE_molecular_weight,RMSE_molecular_weight,R2_molecular_weight
0.6378518342971802,0.7143269181251526,0.8451786308971332,0.49603748321533203,0.29835012555122375,0.14742876589298248,0.38396453728564894,0.9237900376319885,5.716777324676514,63.568634033203125,7.972994044473075,0.9955381751060486
