MAE_pchembl_value,MSE_pchembl_value,RMSE_pchembl_value,R2_pchembl_value,MAE_logp,MSE_logp,RMSE_logp,R2_logp,MAE_molecular_weight,MSE_molecular_weight,RMSE_molecular_weight,R2_molecular_weight
0.58543860912323,0.651361882686615,0.8070699366762555,0.0004559159278869629,1.0277254581451416,1.60279381275177,1.2660149338581161,0.06913644075393677,59.83510208129883,5954.4638671875,77.16517263110023,0.16879546642303467
