MAE_pchembl_value,MSE_pchembl_value,RMSE_pchembl_value,R2_pchembl_value,MAE_logp,MSE_logp,RMSE_logp,R2_logp,MAE_molecular_weight,MSE_molecular_weight,RMSE_molecular_weight,R2_molecular_weight
0.6503592133522034,0.6600135564804077,0.8124121838576818,0.1773296594619751,0.4191526174545288,0.3884976804256439,0.6232958209595536,0.8173145055770874,23.99325180053711,1396.5841064453125,37.370899192357044,0.8021358847618103
