MAE_pchembl_value,MSE_pchembl_value,RMSE_pchembl_value,R2_pchembl_value,MAE_logp,MSE_logp,RMSE_logp,R2_logp,MAE_molecular_weight,MSE_molecular_weight,RMSE_molecular_weight,R2_molecular_weight
0.6648542284965515,0.7234892845153809,0.8505817330012331,0.49503254890441895,0.19276252388954163,0.07298557460308075,0.2701584250085138,0.9664540886878967,5.930516242980957,67.98064422607422,8.245037551526021,0.9953903555870056
