MAE_pchembl_value,MSE_pchembl_value,RMSE_pchembl_value,R2_pchembl_value,MAE_logp,MSE_logp,RMSE_logp,R2_logp,MAE_molecular_weight,MSE_molecular_weight,RMSE_molecular_weight,R2_molecular_weight
0.674833357334137,0.7460605502128601,0.8637479668357316,0.47364914417266846,0.34749636054039,0.1944722980260849,0.4409901337060557,0.8994719982147217,7.8123064041137695,103.04222106933594,10.150971434761106,0.9927675724029541
