MAE_pchembl_value,MSE_pchembl_value,RMSE_pchembl_value,R2_pchembl_value,MAE_logp,MSE_logp,RMSE_logp,R2_logp,MAE_molecular_weight,MSE_molecular_weight,RMSE_molecular_weight,R2_molecular_weight
0.7114662528038025,0.8844760656356812,0.9404658769119064,0.37599605321884155,0.28319722414016724,0.13670744001865387,0.3697396922412495,0.9293321967124939,7.997718811035156,115.7842788696289,10.760310351919637,0.9918732643127441
