MAE_pchembl_value,MSE_pchembl_value,RMSE_pchembl_value,R2_pchembl_value,MAE_logp,MSE_logp,RMSE_logp,R2_logp,MAE_molecular_weight,MSE_molecular_weight,RMSE_molecular_weight,R2_molecular_weight
0.7175143361091614,0.8583946228027344,0.9264958838563366,0.034530818462371826,0.4601427912712097,0.3117923140525818,0.5583836620573545,0.8405677676200867,23.65511131286621,1118.7760009765625,33.44810907923738,0.7987047433853149
