MAE_pchembl_value,MSE_pchembl_value,RMSE_pchembl_value,R2_pchembl_value,MAE_logp,MSE_logp,RMSE_logp,R2_logp,MAE_molecular_weight,MSE_molecular_weight,RMSE_molecular_weight,R2_molecular_weight
0.460846483707428,0.38468682765960693,0.6202312694951835,0.40968072414398193,0.48974546790122986,0.47567665576934814,0.6896931605934251,0.7237385511398315,36.87682342529297,2793.92626953125,52.85760370591208,0.6099860072135925
