MAE_pchembl_value,MSE_pchembl_value,RMSE_pchembl_value,R2_pchembl_value,MAE_logp,MSE_logp,RMSE_logp,R2_logp,MAE_molecular_weight,MSE_molecular_weight,RMSE_molecular_weight,R2_molecular_weight
0.7898432016372681,0.9814918041229248,0.9907026820004702,-0.10392129421234131,0.6468889117240906,0.6862509846687317,0.8284026706069529,0.6490916013717651,45.39572525024414,3086.731689453125,55.558362911924654,0.44462114572525024
