MAE_pchembl_value,MSE_pchembl_value,RMSE_pchembl_value,R2_pchembl_value,MAE_logp,MSE_logp,RMSE_logp,R2_logp,MAE_molecular_weight,MSE_molecular_weight,RMSE_molecular_weight,R2_molecular_weight
0.6675050258636475,0.6469854116439819,0.8043540337711883,0.19356852769851685,0.4121543765068054,0.4229694902896881,0.6503610461041529,0.8011046051979065,34.65095520019531,2779.215576171875,52.71826605809295,0.6062485575675964
