MAE_pchembl_value,MSE_pchembl_value,RMSE_pchembl_value,R2_pchembl_value,MAE_logp,MSE_logp,RMSE_logp,R2_logp,MAE_molecular_weight,MSE_molecular_weight,RMSE_molecular_weight,R2_molecular_weight
0.6884686946868896,0.7886201739311218,0.888042889691214,0.44957369565963745,0.18797194957733154,0.06717227399349213,0.25917614472302836,0.9691259860992432,6.5014328956604,76.14627075195312,8.726183057440013,0.994836688041687
