MAE_pchembl_value,MSE_pchembl_value,RMSE_pchembl_value,R2_pchembl_value,MAE_logp,MSE_logp,RMSE_logp,R2_logp,MAE_molecular_weight,MSE_molecular_weight,RMSE_molecular_weight,R2_molecular_weight
0.6486310958862305,0.6400479078292847,0.800029941832982,0.20221573114395142,0.5440589785575867,0.9277645945549011,0.963205375065412,0.5637319087982178,38.885581970214844,4192.63232421875,64.75053918091146,0.40599966049194336
