MAE_pchembl_value,MSE_pchembl_value,RMSE_pchembl_value,R2_pchembl_value,MAE_logp,MSE_logp,RMSE_logp,R2_logp,MAE_molecular_weight,MSE_molecular_weight,RMSE_molecular_weight,R2_molecular_weight
0.569907009601593,0.5509915351867676,0.7422880405791054,0.15447872877120972,0.37658122181892395,0.25274336338043213,0.5027358783500857,0.853212833404541,5.918647766113281,69.86058807373047,8.358264656836996,0.990247905254364
