MAE_pchembl_value,MSE_pchembl_value,RMSE_pchembl_value,R2_pchembl_value,MAE_logp,MSE_logp,RMSE_logp,R2_logp,MAE_molecular_weight,MSE_molecular_weight,RMSE_molecular_weight,R2_molecular_weight
0.6912310719490051,0.7091426253318787,0.8421060653693683,0.1160929799079895,0.5043424367904663,0.639533281326294,0.7997082476292801,0.6992685794830322,36.29207992553711,3052.48876953125,55.249332751909776,0.567531943321228
