MAE_pchembl_value,MSE_pchembl_value,RMSE_pchembl_value,R2_pchembl_value,MAE_logp,MSE_logp,RMSE_logp,R2_logp,MAE_molecular_weight,MSE_molecular_weight,RMSE_molecular_weight,R2_molecular_weight
0.7200673818588257,0.8717524409294128,0.9336768396663874,0.019506752490997314,0.7307907342910767,0.8802348971366882,0.9382083442054266,0.549899697303772,45.343177795410156,3202.760498046875,56.5929368211871,0.42374467849731445
