MAE_pchembl_value,MSE_pchembl_value,RMSE_pchembl_value,R2_pchembl_value,MAE_logp,MSE_logp,RMSE_logp,R2_logp,MAE_molecular_weight,MSE_molecular_weight,RMSE_molecular_weight,R2_molecular_weight
0.4842483699321747,0.44934961199760437,0.6703354473676626,0.31045281887054443,0.3134433329105377,0.17687049508094788,0.4205597402045848,0.8972779512405396,6.44672966003418,77.74909210205078,8.817544561954353,0.9891467094421387
