MAE_pchembl_value,MSE_pchembl_value,RMSE_pchembl_value,R2_pchembl_value,MAE_logp,MSE_logp,RMSE_logp,R2_logp,MAE_molecular_weight,MSE_molecular_weight,RMSE_molecular_weight,R2_molecular_weight
0.9044605493545532,1.2966890335083008,1.1387225445683864,0.08517694473266602,0.7081773281097412,0.8483991622924805,0.9210858604345636,0.5614393353462219,39.41674041748047,2467.789794921875,49.676853713997176,0.8267886638641357
