MAE_pchembl_value,MSE_pchembl_value,RMSE_pchembl_value,R2_pchembl_value,MAE_logp,MSE_logp,RMSE_logp,R2_logp,MAE_molecular_weight,MSE_molecular_weight,RMSE_molecular_weight,R2_molecular_weight
0.7836825847625732,1.049389123916626,1.024396956221867,-0.18028795719146729,0.4377616047859192,0.2975652515888214,0.5454954184856381,0.8478426337242126,25.581886291503906,1025.488525390625,32.023249763111565,0.8154894113540649
