MAE_pchembl_value,MSE_pchembl_value,RMSE_pchembl_value,R2_pchembl_value,MAE_logp,MSE_logp,RMSE_logp,R2_logp,MAE_molecular_weight,MSE_molecular_weight,RMSE_molecular_weight,R2_molecular_weight
0.654770016670227,0.7426418662071228,0.8617667121716427,0.47606104612350464,0.4104088842868805,0.30531272292137146,0.5525511043526847,0.8421755433082581,26.274829864501953,1526.4296875,39.069549363922796,0.8928616642951965
