MAE_pchembl_value,MSE_pchembl_value,RMSE_pchembl_value,R2_pchembl_value,MAE_logp,MSE_logp,RMSE_logp,R2_logp,MAE_molecular_weight,MSE_molecular_weight,RMSE_molecular_weight,R2_molecular_weight
0.6274720430374146,0.6795850992202759,0.8243695161881448,0.5256759524345398,0.1775549054145813,0.060865551233291626,0.24670944698833813,0.9720247387886047,6.730003356933594,79.93252563476562,8.940499182638833,0.9945799112319946
