MAE_pchembl_value,MSE_pchembl_value,RMSE_pchembl_value,R2_pchembl_value,MAE_logp,MSE_logp,RMSE_logp,R2_logp,MAE_molecular_weight,MSE_molecular_weight,RMSE_molecular_weight,R2_molecular_weight
0.8912378549575806,1.162017822265625,1.0779693048809993,0.188956618309021,0.7960843443870544,1.0950334072113037,1.0464384392840813,0.4966962933540344,53.44754409790039,5187.9892578125,72.02769785167717,0.6482118964195251
