MAE_pchembl_value,MSE_pchembl_value,RMSE_pchembl_value,R2_pchembl_value,MAE_logp,MSE_logp,RMSE_logp,R2_logp,MAE_molecular_weight,MSE_molecular_weight,RMSE_molecular_weight,R2_molecular_weight
0.7050920724868774,0.7273640632629395,0.852856414212228,0.09338104724884033,0.7377947568893433,0.894646942615509,0.9458577813897335,0.5793049931526184,34.20256042480469,2851.356201171875,53.3980917371761,0.5960278511047363
