MAE_pchembl_value,MSE_pchembl_value,RMSE_pchembl_value,R2_pchembl_value,MAE_logp,MSE_logp,RMSE_logp,R2_logp,MAE_molecular_weight,MSE_molecular_weight,RMSE_molecular_weight,R2_molecular_weight
0.5654227137565613,0.5180855989456177,0.7197816328204115,0.20497435331344604,0.368450790643692,0.23861785233020782,0.48848526316584806,0.8614165782928467,6.078640460968018,62.23719787597656,7.889055575667886,0.9913120865821838
