MAE_pchembl_value,MSE_pchembl_value,RMSE_pchembl_value,R2_pchembl_value,MAE_logp,MSE_logp,RMSE_logp,R2_logp,MAE_molecular_weight,MSE_molecular_weight,RMSE_molecular_weight,R2_molecular_weight
0.700900673866272,0.8024884462356567,0.8958171946528246,0.09741061925888062,0.6530576348304749,0.6716810464859009,0.8195614964637498,0.6565418243408203,41.50871276855469,2648.718994140625,51.46570697212489,0.523430347442627
