MAE_pchembl_value,MSE_pchembl_value,RMSE_pchembl_value,R2_pchembl_value,MAE_logp,MSE_logp,RMSE_logp,R2_logp,MAE_molecular_weight,MSE_molecular_weight,RMSE_molecular_weight,R2_molecular_weight
0.7199276089668274,0.8430182337760925,0.9181602440620551,0.05182522535324097,0.5695372223854065,0.5949562191963196,0.7713340516250528,0.6957743763923645,32.43657302856445,1710.686279296875,41.36044341272075,0.692205548286438
