MAE_pchembl_value,MSE_pchembl_value,RMSE_pchembl_value,R2_pchembl_value,MAE_logp,MSE_logp,RMSE_logp,R2_logp,MAE_molecular_weight,MSE_molecular_weight,RMSE_molecular_weight,R2_molecular_weight
0.6612606048583984,0.6704145073890686,0.8187884387246004,0.1643654704093933,0.5450711250305176,0.4537540376186371,0.6736126762603545,0.7866286039352417,24.713363647460938,1374.2828369140625,37.07132094913887,0.805295467376709
